date,open,high,low,close
2026-01-16 09:15:00+05:30,168.1,191.15,157.3,180.55
2026-01-16 09:20:00+05:30,182.2,186.6,165.65,169.85
2026-01-16 09:25:00+05:30,168.55,175.4,161.4,170.05
2026-01-16 09:30:00+05:30,169.25,169.25,147.55,161.05
2026-01-16 09:35:00+05:30,161.45,165.35,150.45,151.2
2026-01-16 09:40:00+05:30,152.3,173.8,145.95,172.05
2026-01-16 09:45:00+05:30,172.0,181.0,159.55,180.6
2026-01-16 09:50:00+05:30,180.8,186.1,173.9,185.35
2026-01-16 09:55:00+05:30,185.4,189.75,176.75,178.1
2026-01-16 10:00:00+05:30,178.1,200.0,176.95,195.2
2026-01-16 10:05:00+05:30,195.9,201.4,186.5,200.05
2026-01-16 10:10:00+05:30,197.9,222.0,196.7,214.7
2026-01-16 10:15:00+05:30,215.8,278.25,215.05,266.35
2026-01-16 10:20:00+05:30,265.55,283.95,263.45,278.6
2026-01-16 10:25:00+05:30,277.5,292.0,276.25,284.2
2026-01-16 10:30:00+05:30,284.4,289.5,269.55,279.25
2026-01-16 10:35:00+05:30,278.65,296.15,277.65,285.5
2026-01-16 10:40:00+05:30,286.3,293.0,260.2,267.0
2026-01-16 10:45:00+05:30,266.05,281.55,265.3,273.55
2026-01-16 10:50:00+05:30,274.35,274.35,261.55,263.85
2026-01-16 10:55:00+05:30,263.5,271.8,254.1,254.4
2026-01-16 11:00:00+05:30,255.65,269.0,248.55,248.75
2026-01-16 11:05:00+05:30,249.25,262.35,248.3,254.15
2026-01-16 11:10:00+05:30,252.8,256.05,225.4,235.05
2026-01-16 11:15:00+05:30,234.35,244.0,227.2,233.3
2026-01-16 11:20:00+05:30,232.05,241.45,221.5,228.35
2026-01-16 11:25:00+05:30,228.8,239.9,228.8,234.2
2026-01-16 11:30:00+05:30,236.55,255.45,219.7,230.05
2026-01-16 11:35:00+05:30,229.65,234.5,215.0,222.35
2026-01-16 11:40:00+05:30,222.15,229.25,217.75,217.75
2026-01-16 11:45:00+05:30,217.4,222.0,211.15,217.8
2026-01-16 11:50:00+05:30,217.1,224.85,213.7,218.25
2026-01-16 11:55:00+05:30,218.2,224.85,197.75,203.85
2026-01-16 12:00:00+05:30,203.85,219.6,200.55,218.8
2026-01-16 12:05:00+05:30,219.1,242.6,217.15,242.15
2026-01-16 12:10:00+05:30,242.25,251.6,237.6,248.95
2026-01-16 12:15:00+05:30,249.05,253.35,234.65,239.25
2026-01-16 12:20:00+05:30,239.5,244.1,232.05,236.65
2026-01-16 12:25:00+05:30,236.0,237.5,176.5,185.2
2026-01-16 12:30:00+05:30,182.45,200.75,174.4,196.25
2026-01-16 12:35:00+05:30,197.0,198.0,187.55,195.4
2026-01-16 12:40:00+05:30,196.2,198.0,187.35,190.3
2026-01-16 12:45:00+05:30,188.95,194.75,182.8,186.25
2026-01-16 12:50:00+05:30,185.3,198.1,172.95,196.75
2026-01-16 12:55:00+05:30,197.6,197.6,175.1,179.0
2026-01-16 13:00:00+05:30,178.65,178.65,161.5,165.0
2026-01-16 13:05:00+05:30,164.2,170.75,161.9,165.0
2026-01-16 13:10:00+05:30,164.7,166.2,154.5,159.3
2026-01-16 13:15:00+05:30,160.15,163.4,151.85,157.45
2026-01-16 13:20:00+05:30,159.95,162.75,142.15,147.25
2026-01-16 13:25:00+05:30,146.5,150.85,128.45,149.55
2026-01-16 13:30:00+05:30,152.05,160.35,142.75,147.5
2026-01-16 13:35:00+05:30,147.3,154.2,137.3,151.15
2026-01-16 13:40:00+05:30,151.5,152.4,144.25,149.25
2026-01-16 13:45:00+05:30,148.55,159.0,145.6,150.55
2026-01-16 13:50:00+05:30,150.8,156.5,133.35,140.55
2026-01-16 13:55:00+05:30,140.85,144.85,136.45,140.55
2026-01-16 14:00:00+05:30,140.35,142.6,133.9,134.7
2026-01-16 14:05:00+05:30,135.05,144.85,123.0,128.4
2026-01-16 14:10:00+05:30,128.8,144.2,127.1,137.85
2026-01-16 14:15:00+05:30,137.45,140.1,128.0,138.2
2026-01-16 14:20:00+05:30,138.35,148.55,132.1,143.25
2026-01-16 14:25:00+05:30,144.8,151.8,133.1,142.6
2026-01-16 14:30:00+05:30,142.25,150.95,135.25,144.5
2026-01-16 14:35:00+05:30,144.7,150.2,131.6,145.35
2026-01-16 14:40:00+05:30,146.45,156.75,144.0,150.0
2026-01-16 14:45:00+05:30,153.9,154.75,140.9,146.0
2026-01-16 14:50:00+05:30,146.5,149.9,136.25,142.3
2026-01-16 14:55:00+05:30,142.85,149.65,141.0,144.6
2026-01-16 15:00:00+05:30,141.4,148.8,136.95,140.55
2026-01-16 15:05:00+05:30,141.7,141.7,133.65,138.25
2026-01-16 15:10:00+05:30,137.95,138.35,132.15,135.15
2026-01-16 15:15:00+05:30,135.6,145.1,135.6,144.0
2026-01-16 15:20:00+05:30,143.9,148.9,143.9,146.45
2026-01-16 15:25:00+05:30,146.3,147.5,136.55,137.7
2026-01-19 09:15:00+05:30,114.0,115.0,47.2,60.15
2026-01-19 09:20:00+05:30,57.6,58.85,49.0,49.2
2026-01-19 09:25:00+05:30,49.1,54.15,46.65,46.75
2026-01-19 09:30:00+05:30,46.6,59.85,41.1,58.1
2026-01-19 09:35:00+05:30,57.6,61.75,46.45,47.75
2026-01-19 09:40:00+05:30,46.65,50.8,44.55,48.3
2026-01-19 09:45:00+05:30,47.6,49.8,43.75,47.2
2026-01-19 09:50:00+05:30,46.95,53.65,40.3,40.65
2026-01-19 09:55:00+05:30,41.05,45.0,40.0,40.8
2026-01-19 10:00:00+05:30,40.75,40.75,33.65,35.0
2026-01-19 10:05:00+05:30,35.05,38.0,32.9,37.4
2026-01-19 10:10:00+05:30,37.3,38.2,35.55,37.55
2026-01-19 10:15:00+05:30,37.15,40.25,36.2,38.1
2026-01-19 10:20:00+05:30,38.5,43.0,36.3,40.5
2026-01-19 10:25:00+05:30,40.55,40.55,29.35,32.35
2026-01-19 10:30:00+05:30,32.15,37.15,32.15,33.25
2026-01-19 10:35:00+05:30,32.8,34.35,31.55,31.85
2026-01-19 10:40:00+05:30,32.05,35.1,30.55,33.35
2026-01-19 10:45:00+05:30,33.6,35.6,33.2,34.15
2026-01-19 10:50:00+05:30,34.0,35.6,33.75,35.4
2026-01-19 10:55:00+05:30,35.45,42.6,35.3,42.0
2026-01-19 11:00:00+05:30,41.85,48.7,39.25,46.45
2026-01-19 11:05:00+05:30,46.45,47.75,39.3,40.5
2026-01-19 11:10:00+05:30,40.4,41.05,33.55,37.25
2026-01-19 11:15:00+05:30,37.4,37.4,32.6,32.9
2026-01-19 11:20:00+05:30,31.95,35.4,30.85,33.35
2026-01-19 11:25:00+05:30,33.35,34.4,32.0,33.7
2026-01-19 11:30:00+05:30,33.6,33.9,31.55,33.45
2026-01-19 11:35:00+05:30,33.3,38.45,32.6,38.35
2026-01-19 11:40:00+05:30,37.7,39.5,34.95,38.65
2026-01-19 11:45:00+05:30,38.95,38.95,34.55,37.05
2026-01-19 11:50:00+05:30,37.1,39.05,34.4,37.75
2026-01-19 11:55:00+05:30,36.9,37.05,30.95,33.3
2026-01-19 12:00:00+05:30,33.2,33.3,29.8,30.55
2026-01-19 12:05:00+05:30,30.65,31.5,29.2,30.0
2026-01-19 12:10:00+05:30,30.0,33.45,29.5,33.15
2026-01-19 12:15:00+05:30,33.25,42.15,32.9,37.9
2026-01-19 12:20:00+05:30,37.9,39.0,31.3,31.7
2026-01-19 12:25:00+05:30,31.5,32.1,28.8,30.65
2026-01-19 12:30:00+05:30,30.65,31.2,29.1,29.55
2026-01-19 12:35:00+05:30,29.5,29.8,27.65,27.85
2026-01-19 12:40:00+05:30,27.9,29.95,27.6,29.65
2026-01-19 12:45:00+05:30,29.75,31.1,25.45,28.2
2026-01-19 12:50:00+05:30,28.15,33.75,27.1,32.55
2026-01-19 12:55:00+05:30,32.7,36.3,32.25,35.35
2026-01-19 13:00:00+05:30,35.2,36.4,33.35,35.65
2026-01-19 13:05:00+05:30,35.55,40.0,35.0,35.55
2026-01-19 13:10:00+05:30,35.7,35.9,26.3,29.5
2026-01-19 13:15:00+05:30,29.2,32.05,27.5,32.05
2026-01-19 13:20:00+05:30,31.85,33.35,28.95,29.05
2026-01-19 13:25:00+05:30,29.2,29.75,26.8,28.25
2026-01-19 13:30:00+05:30,28.8,34.4,28.7,32.7
2026-01-19 13:35:00+05:30,32.75,34.7,31.75,34.0
2026-01-19 13:40:00+05:30,34.2,34.9,30.3,32.2
2026-01-19 13:45:00+05:30,32.45,43.9,31.05,42.9
2026-01-19 13:50:00+05:30,42.05,53.15,41.8,49.25
2026-01-19 13:55:00+05:30,48.8,55.3,47.35,49.4
2026-01-19 14:00:00+05:30,49.8,63.3,49.5,61.95
2026-01-19 14:05:00+05:30,61.7,69.95,58.0,58.0
2026-01-19 14:10:00+05:30,58.8,61.3,45.55,47.25
2026-01-19 14:15:00+05:30,48.0,55.15,45.45,54.95
2026-01-19 14:20:00+05:30,54.85,55.65,50.7,52.2
2026-01-19 14:25:00+05:30,52.05,53.0,43.1,44.35
2026-01-19 14:30:00+05:30,45.45,50.55,44.9,47.65
2026-01-19 14:35:00+05:30,47.65,52.95,44.0,52.7
2026-01-19 14:40:00+05:30,52.8,55.35,46.65,51.9
2026-01-19 14:45:00+05:30,51.65,57.25,50.0,54.6
2026-01-19 14:50:00+05:30,53.7,62.15,52.25,57.25
2026-01-19 14:55:00+05:30,57.15,59.3,48.25,53.0
2026-01-19 15:00:00+05:30,53.7,56.9,42.75,45.2
2026-01-19 15:05:00+05:30,45.1,45.1,37.55,38.2
2026-01-19 15:10:00+05:30,37.85,38.6,35.0,37.0
2026-01-19 15:15:00+05:30,36.75,37.7,29.15,29.15
2026-01-19 15:20:00+05:30,29.2,29.3,23.2,24.6
2026-01-19 15:25:00+05:30,24.6,25.45,21.55,23.25
