trade_date,strike,side,entry_time,entry_price,exit_time,exit_price,pnl,exit_reason,pivot,mfe,mae,plus20_hit,plus40_hit,loss_count_after_trade,daily_pnl_after_trade,entry_ema20,entry_above_ema20,distance_from_ema20,previous_candle_touched_ema20,current_candle_touched_ema20,entry_candle_color,entry_near_ema20_5pts,entry_near_ema20_10pts,entry_near_ema20_15pts
2026-06-01,23650,PE,2026-06-01 10:00:00,149.45,2026-06-01 10:05:00,132.95,-16.5,stop,135.125,0.6000000000000227,-17.75,False,False,1,-16.5,111.96598775865039,True,37.4840122413496,False,False,green,False,False,False
2026-06-01,23650,PE,2026-06-01 10:10:00,143.3,2026-06-01 10:45:00,128.9,-14.400000000000006,stop,135.125,21.69999999999999,-19.200000000000017,True,False,2,-30.900000000000006,116.75832558021041,True,26.5416744197896,False,False,green,False,False,False
2026-06-01,23650,PE,2026-06-01 11:30:00,140.5,2026-06-01 12:10:00,157.45,16.94999999999999,stop,135.125,46.650000000000006,-16.099999999999994,True,True,2,-13.950000000000017,124.52666413578896,True,15.973335864211037,True,False,green,False,False,False
2026-06-01,23650,PE,2026-06-01 12:45:00,149.05,2026-06-01 13:25:00,185.4,36.349999999999994,stop,135.125,65.29999999999998,-2.1000000000000227,True,True,2,22.399999999999977,151.74993030338968,False,-2.6999303033896638,False,True,red,True,True,True
2026-06-03,23400,CE,2026-06-03 12:45:00,176.9,2026-06-03 12:50:00,159.5,-17.400000000000006,stop,170.1,6.849999999999994,-19.55000000000001,False,False,1,-17.400000000000006,151.91575940752358,True,24.984240592476425,False,False,red,False,False,False
2026-06-03,23400,CE,2026-06-03 13:00:00,170.55,2026-06-03 15:05:00,237.8,67.25,stop,170.1,129.39999999999998,-9.450000000000017,True,True,1,49.849999999999994,155.2626815436998,True,15.287318456300198,False,False,green,False,False,False
2026-06-04,23300,CE,2026-06-04 09:35:00,213.8,2026-06-04 10:30:00,248.0,34.19999999999999,stop,200.15,77.59999999999997,-10.5,True,True,0,34.19999999999999,272.60989966798047,False,-58.80989966798046,False,False,red,False,False,False
2026-06-04,23300,CE,2026-06-04 13:20:00,208.7,2026-06-04 14:50:00,241.05,32.35000000000002,stop,200.15,77.80000000000001,-9.899999999999977,True,True,0,66.55000000000001,238.54634487067983,False,-29.846344870679843,False,False,green,False,False,False
2026-06-05,23500,CE,2026-06-05 09:20:00,155.7,2026-06-05 10:25:00,152.6,-3.0999999999999943,stop,140.625,29.30000000000001,-14.899999999999977,True,False,1,-3.0999999999999943,144.6138269247324,True,11.086173075267595,False,False,red,False,False,True
2026-06-05,23500,CE,2026-06-05 11:00:00,145.15,2026-06-05 11:15:00,135.75,-9.400000000000006,stop,140.625,25.150000000000006,-14.200000000000017,True,False,2,-12.5,138.60011531227707,True,6.549884687722937,False,True,green,False,True,True
2026-06-05,23500,PE,2026-06-05 12:10:00,153.15,2026-06-05 13:55:00,227.35,74.19999999999999,stop,140.625,118.95000000000002,-8.050000000000011,True,True,2,61.69999999999999,167.12730107818751,False,-13.977301078187509,False,True,red,False,False,True
2026-06-08,23100,CE,2026-06-08 09:20:00,153.9,2026-06-08 09:45:00,152.15,-1.75,stop,138.425,31.5,-3.5999999999999943,True,False,1,-1.75,311.14212989834203,False,-157.24212989834203,False,False,green,False,False,False
2026-06-08,23100,CE,2026-06-08 13:40:00,157.9,2026-06-08 14:10:00,140.3,-17.599999999999994,stop,138.425,6.650000000000006,-18.400000000000006,False,False,2,-19.349999999999994,192.31834019021153,False,-34.418340190211524,False,False,red,False,False,False
2026-06-08,23100,CE,2026-06-08 14:15:00,146.85,2026-06-08 15:00:00,110.95,-35.89999999999999,stop,138.425,17.900000000000006,-41.64999999999999,False,False,3,-55.249999999999986,171.80981170654064,False,-24.95981170654065,False,False,green,False,False,False
2026-06-09,23250,PE,2026-06-09 10:40:00,100.75,2026-06-09 11:35:00,110.65,9.900000000000006,stop,82.525,47.55000000000001,-2.9000000000000057,True,True,0,9.900000000000006,104.36584301787619,False,-3.6158430178761876,False,True,red,True,True,True
2026-06-10,23250,CE,2026-06-10 14:10:00,208.8,2026-06-10 14:35:00,189.95,-18.850000000000023,stop,189.85,10.199999999999989,-22.80000000000001,False,False,1,-18.850000000000023,247.84322959293416,False,-39.04322959293415,False,False,red,False,False,False
2026-06-10,23250,PE,2026-06-10 15:10:00,191.0,2026-06-10 15:25:00,187.7,-3.3000000000000114,end_of_day,189.85,3.0,-14.75,False,False,2,-22.150000000000034,157.4188548269409,True,33.5811451730591,False,False,green,False,False,False
2026-06-11,23100,CE,2026-06-11 09:20:00,177.4,2026-06-11 09:55:00,168.75,-8.650000000000006,stop,175.5,25.099999999999994,-15.200000000000017,True,False,1,-8.650000000000006,260.4639027640118,False,-83.06390276401177,False,False,green,False,False,False
2026-06-11,23100,CE,2026-06-11 10:05:00,189.35,2026-06-11 12:45:00,272.1,82.75000000000003,stop,175.5,118.54999999999998,-6.349999999999994,True,True,1,74.10000000000002,212.7327603769216,False,-23.382760376921595,False,False,green,False,False,False
2026-06-11,23100,CE,2026-06-11 14:50:00,190.6,2026-06-11 15:25:00,208.8,18.200000000000017,end_of_day,175.5,18.700000000000017,-20.25,False,False,1,92.30000000000004,231.2116879716098,False,-40.6116879716098,False,False,red,False,False,False
2026-06-12,23400,CE,2026-06-12 09:20:00,154.0,2026-06-12 09:40:00,130.8,-23.19999999999999,stop,143.5,4.949999999999989,-27.049999999999997,False,False,1,-23.19999999999999,87.17888687143773,True,66.82111312856227,False,False,red,False,False,False
2026-06-12,23400,PE,2026-06-12 09:45:00,144.3,2026-06-12 11:10:00,143.75,-0.5500000000000114,stop,143.5,26.549999999999983,-1.200000000000017,True,False,2,-23.75,200.04850021955386,False,-55.74850021955385,False,False,red,False,False,False
2026-06-12,23400,PE,2026-06-12 11:15:00,154.3,2026-06-12 13:25:00,123.8,-30.500000000000014,stop,143.5,28.94999999999999,-50.60000000000001,True,False,3,-54.250000000000014,161.8395820713449,False,-7.539582071344881,False,False,green,False,True,True
2026-06-15,24000,PE,2026-06-15 09:40:00,124.5,2026-06-15 10:30:00,122.6,-1.9000000000000057,stop,106.925,23.0,-4.900000000000006,True,False,1,-1.9000000000000057,300.46113547852246,False,-175.96113547852246,False,False,red,False,False,False
2026-06-15,24000,PE,2026-06-15 10:35:00,123.1,2026-06-15 10:50:00,107.35,-15.75,stop,106.925,1.2000000000000028,-21.69999999999999,False,False,2,-17.650000000000006,187.93943683862977,False,-64.83943683862978,False,False,green,False,False,False
2026-06-15,24000,PE,2026-06-15 11:00:00,113.55,2026-06-15 13:05:00,132.55,19.000000000000014,stop,106.925,51.45,-5.3999999999999915,True,True,2,1.3500000000000085,157.75181182264942,False,-44.20181182264942,False,False,green,False,False,False
2026-06-15,24000,PE,2026-06-15 14:30:00,119.7,2026-06-15 15:15:00,156.6,36.89999999999999,stop,106.925,80.2,-10.100000000000009,True,True,2,38.25,140.9742004474213,False,-21.274200447421308,False,False,red,False,False,False
2026-06-17,24050,PE,2026-06-17 09:25:00,185.95,2026-06-17 09:35:00,169.8,-16.149999999999977,stop,169.25,1.700000000000017,-16.549999999999983,False,False,1,-16.149999999999977,202.3534010298392,False,-16.403401029839216,True,False,red,False,False,False
2026-06-17,24050,CE,2026-06-17 09:45:00,170.65,2026-06-17 11:55:00,154.55,-16.099999999999994,stop,169.25,11.299999999999983,-16.200000000000017,False,False,2,-32.24999999999997,141.97845542311353,True,28.671544576886475,False,False,green,False,False,False
2026-06-17,24050,PE,2026-06-17 12:20:00,170.8,2026-06-17 13:35:00,154.75,-16.05000000000001,stop,169.25,12.949999999999989,-19.30000000000001,False,False,3,-48.29999999999998,163.5397619249867,True,7.260238075013319,True,True,green,False,True,True
2026-06-18,24050,CE,2026-06-18 09:20:00,150.15,2026-06-18 10:35:00,132.75,-17.400000000000006,stop,142.775,25.25,-17.400000000000006,True,False,1,-17.400000000000006,154.33683728901119,False,-4.18683728901118,True,False,green,True,True,True
2026-06-18,24050,PE,2026-06-18 11:15:00,143.7,2026-06-18 11:55:00,124.35,-19.349999999999994,stop,142.775,8.900000000000006,-20.249999999999986,False,False,2,-36.75,121.4606521558542,True,22.239347844145783,False,False,green,False,False,False
2026-06-18,24050,CE,2026-06-18 12:25:00,158.7,2026-06-18 14:05:00,139.85,-18.849999999999994,stop,142.775,7.900000000000006,-20.69999999999999,False,False,3,-55.599999999999994,138.71758823141622,True,19.982411768583773,False,False,green,False,False,False
